{"scheduling": 2.6941299438476562e-05, "placement": 6.9141387939453125e-06, "routing": 0.0014810562133789062, "codegen": 0.0048449039459228516, "total": 0.006429910659790039}