{"scheduling": 3.62396240234375e-05, "placement": 46.714802742004395, "routing": 0.0016658306121826172, "codegen": 0.02526712417602539, "total": 46.74186563491821}