{"scheduling": 0.00031113624572753906, "placement": 66.82061815261841, "routing": 0.0006000995635986328, "codegen": 0.002796173095703125, "total": 66.8243899345398}