{"scheduling": 0.0007183551788330078, "placement": 118.72155499458313, "routing": 0.003137826919555664, "codegen": 0.013924837112426758, "total": 118.73940348625183}