{
  "cir_fidelity": 0.9033808955445324,
  "cir_fidelity_1q_gate": 1,
  "cir_fidelity_2q_gate": 0.9558895783575598,
  "cir_fidelity_2q_gate_for_idle": 0.9850934380853521,
  "cir_fidelity_atom_transfer": 0.9704309672630859,
  "cir_fidelity_coherence": 0.9886011295445041,
  "num_movement_stage": 57,
  "movement_time_ratio": [
    0.8278549859990996,
    0.8104163443803601,
    0.8104163443803601,
    0.8019696588459133,
    0.8019696588459133,
    0.7855937227486064
  ],
  "average_movement": 40.49731239022126,
  "list_movement_duration": [
    26.967994498529684,
    26.967994498529684,
    89.44271909999159,
    33.028912953790815,
    26.967994498529684,
    33.028912953790815,
    26.967994498529684,
    46.70993664969137,
    46.70993664969137,
    76.27700713964738,
    19.069251784911845,
    26.967994498529684,
    19.069251784911845,
    26.967994498529684,
    26.967994498529684,
    89.44271909999159,
    33.028912953790815,
    26.967994498529684,
    26.967994498529684,
    63.245553203367585,
    33.028912953790815,
    26.967994498529684,
    46.70993664969137,
    83.12094145936335,
    19.069251784911845,
    26.967994498529684,
    46.70993664969137,
    76.27700713964738,
    19.069251784911845,
    26.967994498529684,
    26.967994498529684,
    63.245553203367585,
    33.028912953790815,
    26.967994498529684,
    26.967994498529684,
    89.44271909999159,
    33.028912953790815,
    26.967994498529684,
    46.70993664969137,
    76.27700713964738,
    19.069251784911845,
    26.967994498529684,
    46.70993664969137,
    83.12094145936335,
    19.069251784911845,
    26.967994498529684,
    26.967994498529684,
    26.967994498529684,
    26.967994498529684,
    122.10278829367867,
    33.028912953790815,
    26.967994498529684,
    26.967994498529684,
    26.967994498529684,
    63.245553203367585,
    33.028912953790815,
    26.967994498529684
  ]
}