{
  "cir_fidelity": 0.5015080956439036,
  "cir_fidelity_1q_gate": 1,
  "cir_fidelity_2q_gate": 0.7980656776819048,
  "cir_fidelity_2q_gate_for_idle": 0.9276563692349433,
  "cir_fidelity_atom_transfer": 0.8520755747117403,
  "cir_fidelity_coherence": 0.7950127021766127,
  "num_movement_stage": 240,
  "movement_time_ratio": [
    0.7947222432499257,
    0.7863904513642108,
    0.7905343948060659,
    0.7863904513642108,
    0.7905343948060659,
    0.7863904513642108,
    0.7905343948060659,
    0.7884569782260219,
    0.7884569782260219,
    0.7905343948060659,
    0.7822897260810064,
    0.7863904513642108,
    0.7926227874080146,
    0.7863904513642108,
    0.7905343948060659,
    0.7926227874080146,
    0.7863904513642108,
    0.7905343948060659,
    0.7822897260810064,
    0.7884569782260219,
    0.7863904513642108,
    0.7863904513642108,
    0.784334728819395,
    0.7926227874080146,
    0.7884569782260219,
    0.7822897260810064,
    0.7884569782260219,
    0.7822897260810064,
    0.7822897260810064,
    0.7884569782260219
  ],
  "average_movement": 37.504656390302266,
  "list_movement_duration": [
    26.967994498529684,
    26.967994498529684,
    26.967994498529684,
    26.967994498529684,
    26.967994498529684,
    111.19188982851387,
    33.028912953790815,
    26.967994498529684,
    33.028912953790815,
    26.967994498529684,
    33.028912953790815,
    26.967994498529684,
    33.028912953790815,
    26.967994498529684,
    26.967994498529684,
    26.967994498529684,
    89.44271909999159,
    33.028912953790815,
    26.967994498529684,
    33.028912953790815,
    26.967994498529684,
    26.967994498529684,
    26.967994498529684,
    26.967994498529684,
    26.967994498529684,
    89.44271909999159,
    33.028912953790815,
    26.967994498529684,
    26.967994498529684,
    33.028912953790815,
    26.967994498529684,
    46.70993664969137,
    46.70993664969137,
    46.70993664969137,
    46.70993664969137,
    89.44271909999159,
    19.069251784911845,
    26.967994498529684,
    26.967994498529684,
    19.069251784911845,
    26.967994498529684,
    46.70993664969137,
    46.70993664969137,
    46.70993664969137,
    46.70993664969137,
    46.70993664969137,
    63.245553203367585,
    19.069251784911845,
    26.967994498529684,
    19.069251784911845,
    26.967994498529684,
    19.069251784911845,
    26.967994498529684,
    19.069251784911845,
    26.967994498529684,
    46.70993664969137,
    46.70993664969137,
    46.70993664969137,
    46.70993664969137,
    76.27700713964738,
    19.069251784911845,
    26.967994498529684,
    26.967994498529684,
    19.069251784911845,
    26.967994498529684,
    46.70993664969137,
    97.23448696087954,
    19.069251784911845,
    26.967994498529684,
    26.967994498529684,
    26.967994498529684,
    122.10278829367867,
    33.028912953790815,
    26.967994498529684,
    33.028912953790815,
    26.967994498529684,
    26.967994498529684,
    26.967994498529684,
    26.967994498529684,
    26.967994498529684,
    122.10278829367867,
    33.028912953790815,
    26.967994498529684,
    33.028912953790815,
    26.967994498529684,
    26.967994498529684,
    26.967994498529684,
    26.967994498529684,
    26.967994498529684,
    89.44271909999159,
    33.028912953790815,
    26.967994498529684,
    26.967994498529684,
    26.967994498529684,
    26.967994498529684,
    63.245553203367585,
    33.028912953790815,
    26.967994498529684,
    33.028912953790815,
    26.967994498529684,
    46.70993664969137,
    46.70993664969137,
    46.70993664969137,
    83.12094145936335,
    19.069251784911845,
    26.967994498529684,
    19.069251784911845,
    26.967994498529684,
    19.069251784911845,
    26.967994498529684,
    46.70993664969137,
    46.70993664969137,
    46.70993664969137,
    46.70993664969137,
    46.70993664969137,
    89.44271909999159,
    19.069251784911845,
    26.967994498529684,
    19.069251784911845,
    26.967994498529684,
    19.069251784911845,
    26.967994498529684,
    26.967994498529684,
    46.70993664969137,
    46.70993664969137,
    83.12094145936335,
    19.069251784911845,
    26.967994498529684,
    19.069251784911845,
    26.967994498529684,
    46.70993664969137,
    122.10278829367867,
    19.069251784911845,
    26.967994498529684,
    26.967994498529684,
    26.967994498529684,
    26.967994498529684,
    26.967994498529684,
    112.81521496355325,
    33.028912953790815,
    26.967994498529684,
    33.028912953790815,
    26.967994498529684,
    33.028912953790815,
    26.967994498529684,
    33.028912953790815,
    26.967994498529684,
    26.967994498529684,
    26.967994498529684,
    26.967994498529684,
    26.967994498529684,
    26.967994498529684,
    83.12094145936335,
    33.028912953790815,
    26.967994498529684,
    33.028912953790815,
    26.967994498529684,
    33.028912953790815,
    26.967994498529684,
    26.967994498529684,
    26.967994498529684,
    26.967994498529684,
    83.12094145936335,
    33.028912953790815,
    26.967994498529684,
    33.028912953790815,
    26.967994498529684,
    26.967994498529684,
    76.27700713964738,
    33.028912953790815,
    26.967994498529684,
    46.70993664969137,
    46.70993664969137,
    46.70993664969137,
    46.70993664969137,
    76.27700713964738,
    19.069251784911845,
    26.967994498529684,
    19.069251784911845,
    26.967994498529684,
    19.069251784911845,
    26.967994498529684,
    19.069251784911845,
    26.967994498529684,
    46.70993664969137,
    46.70993664969137,
    46.70993664969137,
    76.27700713964738,
    19.069251784911845,
    26.967994498529684,
    19.069251784911845,
    26.967994498529684,
    19.069251784911845,
    26.967994498529684,
    46.70993664969137,
    46.70993664969137,
    46.70993664969137,
    46.70993664969137,
    46.70993664969137,
    89.44271909999159,
    19.069251784911845,
    26.967994498529684,
    26.967994498529684,
    26.967994498529684,
    46.70993664969137,
    89.44271909999159,
    19.069251784911845,
    26.967994498529684,
    26.967994498529684,
    26.967994498529684,
    133.48476249438292,
    33.028912953790815,
    26.967994498529684,
    33.028912953790815,
    26.967994498529684,
    26.967994498529684,
    26.967994498529684,
    26.967994498529684,
    26.967994498529684,
    26.967994498529684,
    26.967994498529684,
    122.10278829367867,
    33.028912953790815,
    26.967994498529684,
    33.028912953790815,
    26.967994498529684,
    26.967994498529684,
    33.028912953790815,
    26.967994498529684,
    26.967994498529684,
    26.967994498529684,
    97.23448696087954,
    33.028912953790815,
    26.967994498529684,
    33.028912953790815,
    26.967994498529684,
    26.967994498529684,
    89.44271909999159,
    33.028912953790815,
    26.967994498529684
  ]
}